city_name,country_code,lattitude,longitude,temp,wind_speed,cloudiness,humidity
bluff,nz,-76.039275724991,172.58320220922474,50.0,10.0,100,87
aykhal,ru,68.29343778793609,110.5387523697728,-35.5,0.89,6,76
mataura,pf,-64.09056810725485,-161.01352597162577,50.0,10.0,70,87
puerto ayora,ec,3.038544360742918,-89.47420624523228,82.83,18.41,40,70
vaini,to,-35.10910759106209,-179.18346436351848,73.4,13.8,75,94
bredasdorp,za,-60.711009112323204,20.212912641309458,60.8,3.44,97,63
rikitea,pf,-26.183991800040722,-138.1186006502943,79.32,14.23,6,76
atuona,pf,-1.9024278399236607,-126.17639440420903,78.22,16.67,1,77
anadyr,ru,66.6678249063994,177.07586609315933,10.4,44.74,40,85
touros,br,-3.801326424400031,-33.961785770726834,86.0,19.57,20,54
san quintin,mx,25.679532299954516,-119.97648352295353,57.51,3.69,19,44
saskylakh,ru,72.04288906986471,112.38430769333547,-43.6,1.66,79,79
merauke,id,-10.169772974481361,140.72879854128763,78.89,11.95,100,88
san luis,ar,-32.42923652779409,-66.54914080575126,90.54,16.4,50,28
nanortalik,gl,52.29954025150664,-42.6679573952934,24.48,5.23,100,90
puerto carreno,co,6.985083978289836,-67.78250765446256,94.82,12.44,65,35
dikson,ru,76.9051041717108,86.94850812577857,-21.71,8.61,100,86
nikolskoye,ru,55.76308803166148,164.46533499907355,31.8,4.47,75,93
carnarvon,au,-20.43762295852619,104.31818619404476,71.6,18.41,0,88
sheridan,us,45.29086421990249,-107.41914932806584,35.74,8.05,20,32
ialibu,pg,-7.284941511478564,143.92424286467025,56.77,0.74,100,99
tuktoyaktuk,ca,86.80879402334816,-120.77418496839132,-20.2,6.91,40,76
ulaangom,mn,48.793963140880265,91.2761252971813,-15.75,2.64,91,88
cherskiy,ru,75.68625988000201,160.1566312235322,-23.13,3.65,100,85
husavik,is,72.84219556495219,-11.698411207060389,19.4,6.91,75,86
sitka,us,56.03336493866442,-137.77905422784352,22.51,1.99,0,81
cangzhou,cn,38.46909203770059,116.90695289135289,28.11,22.15,0,64
cidreira,br,-50.10105393755365,-28.82614631162869,75.63,1.59,100,88
alofi,nu,-17.6216766024705,-169.97416955252314,78.8,8.05,100,89
albany,au,-81.8866784473233,108.32796562145933,55.4,4.61,90,94
khandagayty,ru,51.0102682046963,92.20055304131722,-12.93,1.25,68,85
hobyo,so,2.5052435519262275,54.27993231209669,76.48,19.64,3,76
kandrian,pg,-6.670710752590892,150.6353936497083,79.47,9.93,100,84
warrington,us,26.512736644389392,-87.30300671324284,44.62,8.05,20,93
tasiilaq,gl,58.47535510270646,-32.156849581518884,21.2,24.16,90,45
luderitz,na,-24.944502467953512,15.12577130661694,68.61,31.43,0,58
kumano,jp,32.85813559287682,137.5015615569135,39.99,1.01,60,16
snezhnogorsk,ru,68.35753848186039,87.3483385265302,17.6,11.18,75,79
arraial do cabo,br,-53.43210365502577,-17.95646102102731,85.75,28.77,0,58
longyearbyen,sj,88.9997252093973,17.01145842923853,8.6,17.27,20,61
khomeyn,ir,33.90451578785316,50.14370438623942,37.62,2.21,9,60
dali,cn,24.291840588428272,99.140269918331,40.42,2.95,0,68
jamestown,sh,-31.473095931751132,-18.19654733516404,68.81,17.83,100,88
hobart,au,-45.89104155398535,156.50682984932575,54.28,6.91,75,50
kaitangata,nz,-64.76147329774471,176.68211119568815,53.01,11.01,41,70
bonthe,sl,5.104689557347328,-15.832075838655754,78.84,8.1,0,82
geraldton,au,-30.228046445490683,102.82500265240742,64.4,12.66,0,72
mount gambier,au,-44.363762032632856,136.85199838573192,59.0,10.36,16,88
vardo,no,85.87131003955759,36.4114139034634,26.6,24.16,75,63
clyde river,ca,69.04576120732855,-66.47254055791893,-9.4,2.3,40,70
whitehorse,ca,61.62643946750546,-134.2825772702162,-17.68,5.75,1,76
ushuaia,ar,-73.40914383308494,-67.38303515787145,44.6,17.27,75,70
manuk mangkaw,ph,4.7467926037301424,120.12618789858232,80.56,11.72,80,83
el reno,us,35.790772767291074,-98.29755744866347,33.28,13.8,75,64
cape town,za,-78.0566297609904,-11.399834181240209,66.65,17.27,0,68
council bluffs,us,41.94116998084749,-95.80923330522043,22.53,5.75,1,68
nsanje,mw,-17.312697713033117,35.639632103552515,76.84,2.91,99,85
micoud,lc,13.583977936098364,-60.26996090362074,84.2,14.97,20,58
cataguases,br,-21.320585369389022,-42.65900316977289,84.74,3.6,35,63
cabo san lucas,mx,18.42046533545974,-111.33661937892475,75.34,7.0,100,38
pevek,ru,78.93745966344468,171.48147465125044,-24.36,3.74,100,87
sorland,no,69.64263460759523,9.579579068847352,33.8,16.11,40,75
kharp,ru,67.26159624226824,66.17273284233886,-29.31,3.76,100,82
lubango,ao,-16.527867037192763,13.238391500952133,59.58,5.39,87,67
new norfolk,au,-54.096233994362166,135.40856565564053,51.62,0.29,99,59
ingham,au,-18.784954493316377,144.16553814106402,75.49,4.65,44,90
hami,cn,40.99452983114546,91.14905871042447,18.86,0.96,100,82
qaanaaq,gl,80.60338350740366,-80.51100219096224,-15.68,8.05,0,64
la ronge,ca,64.272581711297,-103.87809592234653,-2.2,8.05,24,65
denia,es,38.332854503082785,0.6999323955123486,67.19,5.01,35,58
katsuura,jp,27.843655635765245,144.2840385923946,44.13,11.5,75,61
alcaniz,es,40.85368833113148,-0.32912086759677095,58.46,5.01,51,79
venado tuerto,ar,-33.94146612669266,-62.71298168890738,95.0,5.99,0,14
zherdevka,ru,51.96309347286953,41.2237849350206,33.8,16.89,100,94
punta arenas,cl,-72.04051592627575,-96.87027939055217,48.09,24.16,75,57
mahebourg,mu,-39.86000834427903,76.02317250617978,75.2,4.61,20,83
sao felix do xingu,br,-8.913939884108515,-52.26216858454774,83.82,2.91,42,76
ust-kuyga,ru,68.9363287004293,136.6978868245884,-41.89,1.1,93,79
kodiak,us,41.96667957976442,-149.44127625688452,23.86,11.5,90,74
aklavik,ca,81.69303391559646,-142.92220279933446,-13.0,2.3,100,77
cayenne,gf,13.61467919551501,-45.12880987234911,82.4,10.36,75,74
mareeba,au,-13.080353923264568,144.31842180304784,74.98,6.91,40,94
yellowknife,ca,83.46383786681682,-98.7816411609822,-10.7,3.44,90,77
manta,ec,-0.6787535478783155,-81.6257959328617,82.4,8.05,75,74
kudahuvadhoo,mv,1.8496958369109393,67.30555887711148,80.26,18.77,48,74
vila velha,br,-25.43691965997688,-24.271993943274907,86.31,17.27,20,58
georgetown,sh,-15.850903259369105,-19.886924938836813,77.13,12.66,0,76
coquimbo,cl,-26.47310379942998,-81.71031203564641,68.0,16.11,0,64
yerbogachen,ru,61.689914330178055,109.05612939351363,-39.84,5.3,49,80
hermanus,za,-66.60866345092383,11.954898991556604,62.01,6.76,34,78
talnakh,ru,81.60138872062879,91.84212131765526,-23.24,4.45,100,84
port lincoln,au,-38.38960405285817,132.89373178674361,64.65,9.51,50,81
belmonte,br,-16.39679755692822,-32.740812451765095,82.4,10.36,40,61
saint-francois,gp,18.83628714995058,-56.55618807624374,75.2,9.22,75,88
riachao do jacuipe,br,-11.72823994701983,-39.189754443295726,81.55,12.82,100,58
kitob,uz,38.67960987137201,66.6625940063567,33.8,9.22,0,75
olafsvik,is,55.81374475270462,-30.778499498551128,30.79,17.38,97,87
busselton,au,-41.930610781031426,99.21639282478611,47.53,9.46,0,88
lata,sb,-5.162564107284183,168.57180019866502,39.87,8.08,0,44
hailar,cn,49.09959971208275,119.8567847935227,-19.41,5.46,100,87
port elizabeth,za,-49.891751456422796,27.369643435793478,66.2,8.05,75,88
east london,za,-69.93364301025076,52.802015489133765,68.0,5.75,75,88
semey,kz,50.0697186323641,80.63326750176628,21.72,7.34,100,97
mogadishu,so,-1.9645340370002202,47.63598551681247,77.41,22.1,0,82
dudinka,ru,70.02197891354348,86.13500598974377,-25.4,3.24,100,82
weihai,cn,37.63174111691532,122.33834014754461,37.17,29.46,0,77
sawai madhopur,in,25.962736451488425,76.61409238692954,47.19,4.34,0,54
maramba,tz,-4.943731374959498,38.52709691325467,65.28,5.95,41,100
soldotna,us,60.363138496885,-151.0466326651233,3.06,4.61,1,92
hohhot,cn,41.204648857565815,111.06002386391987,5.0,8.95,40,47
matay,eg,26.767841622254338,26.54317923943907,56.66,15.1,0,50
hilo,us,25.67785015562349,-147.81327216958252,68.36,6.91,90,83
avera,pf,-26.61308966805499,-154.26500107774604,57.42,13.8,90,78
benghazi,ly,33.19389699601861,18.25775527489793,57.04,11.88,99,52
dandeli,in,15.084237697096398,74.4969306296465,66.36,1.12,0,64
debica,pl,50.043435977382245,21.290544301989712,29.16,10.36,90,86
marsa matruh,eg,28.146503356344397,26.422049009168404,57.2,9.22,40,47
kahului,us,35.3444272221071,-149.53365809539514,71.67,19.57,40,73
barabai,id,-2.7631023777038877,115.25810458998967,73.06,0.74,75,93
muisne,ec,2.211084487779871,-83.38794271655495,84.2,9.22,75,84
luba,gq,1.6479147192096093,7.060122033482003,80.6,6.91,20,77
healesville,au,-37.836610034083854,145.52120468843196,58.73,2.39,100,97
ponta do sol,cv,18.652982512501794,-24.57846876329242,73.4,25.32,20,73
yarada,in,16.678971560693086,83.44777225333053,73.4,2.3,20,94
coihaique,cl,-48.17048893965359,-75.42500613054499,55.4,10.36,75,54
chimalpa,mx,19.41849537088828,-99.39801747684754,66.34,8.7,0,28
saint-philippe,re,-45.049072746107896,65.59754887150041,76.42,5.75,34,69
uzhur,ru,55.34444047970686,90.30229046183774,10.83,11.03,100,95
denpasar,id,-10.081378558708991,115.25698338064524,80.6,12.66,40,83
peterhead,gb,58.381731728926695,-0.2018812447941798,34.16,6.91,13,93
antofagasta,cl,-24.225649461497255,-73.08727775477865,72.45,18.41,20,68
juruti,br,-2.2935889951499036,-55.78616653761753,86.88,4.83,38,61
butaritari,ki,14.896363568436257,175.62345798631395,80.56,11.14,100,79
barrow,us,78.55215949886323,-156.29982860171708,81.21,10.16,88,28
narsaq,gl,75.42539412871258,-68.11184903898096,37.4,35.68,75,32
sikonge,tz,-5.433619869141438,32.60691112126307,75.2,1.86,20,69
pisco,pe,-26.2180142311936,-98.03641539938229,77.0,9.22,0,61
castro,cl,-50.11822387319048,-101.0516979398871,57.42,13.8,20,59
rincon,an,13.34235190998929,-68.14996140251537,87.73,10.36,20,58
ambikapur,in,23.513410431928165,83.27486978502657,53.53,2.71,0,65
provideniya,ru,54.720684819212295,-171.21564182728892,-0.26,24.56,97,89
san patricio,mx,4.348401078251214,-113.76377385954797,81.45,9.98,4,60
arandis,na,-22.32973370662461,15.24813695824028,68.0,2.89,1,84
neubrandenburg,de,53.67459823387978,13.247479213052657,33.67,3.0,91,80
gerede,tr,40.72839093450378,32.18992899566098,30.94,5.06,100,99
vestmanna,fo,65.4713101947948,-7.457059645189787,30.2,9.22,29,86
padang,id,-8.04325904245188,90.39533282218468,73.4,2.3,75,94
sinnamary,gf,16.587977406744827,-47.24738683894233,79.47,12.28,24,76
tiksi,ru,74.00472834491609,132.50607177544532,-39.08,2.64,88,82
saldanha,za,-42.60964585657047,-0.42802780442931976,64.4,21.85,0,68
norman wells,ca,65.89966471258049,-124.12026259983355,-29.2,2.3,75,68
sandwick,gb,59.14882661644097,-0.40329847999836943,33.8,10.36,20,86
nome,us,64.51607041364463,-162.94010474886693,67.93,19.57,1,26
preeceville,ca,52.17755014433999,-102.76826047278782,-8.81,8.88,15,88
haines junction,ca,56.75268079128486,-143.32358904040643,-25.6,0.76,86,68
oranjemund,na,-30.48335670790032,14.185567840923284,63.41,21.99,4,81
tessalit,ml,22.10763826397725,-0.8432557925806066,70.2,9.69,0,20
necochea,ar,-41.33495058748993,-57.8005741188999,73.0,4.0,1,41
atar,mr,22.78754448263983,-12.266496642890047,75.2,10.45,0,16
twin falls,us,41.81383041333123,-114.28303157385322,36.3,34.52,40,55
chokurdakh,ru,84.03401846558532,153.7353507999776,-16.33,14.32,100,88
samarai,pg,-11.15584623870663,152.63541498981016,80.02,7.83,100,84
san rafael,ar,-35.14377825431585,-68.58311589190733,87.6,3.49,0,17
la rioja,ar,-30.82617632566764,-66.96030757220217,94.82,10.6,100,23
khatanga,ru,81.72663823848487,101.73119517885556,-29.58,7.34,0,80
adrar,dz,27.051003417277585,3.84871823001086,65.3,7.85,0,36
batagay-alyta,ru,66.51672673878849,128.4461695393311,-40.81,1.61,2,79
tongchuan,cn,31.0244739752668,105.04540380149234,28.89,4.68,0,68
tortoli,it,39.72753856203215,11.214554882496884,46.99,5.32,0,78
derzhavinsk,kz,49.21852192996877,64.5496003646337,20.62,9.35,100,98
fuyang,cn,32.65882725683319,115.87736787418248,41.5,9.04,78,78
dhangadhi,np,28.738293443323357,80.8881991068236,49.82,1.79,0,59
akyab,mm,20.728340005017998,93.53265710663953,63.05,6.62,0,63
sevilla,es,37.349947059390544,-5.93037792948607,62.6,5.75,20,88
thompson,ca,56.50282302845852,-99.43417956311491,-13.0,5.75,40,77
tomigusuku,jp,26.83473937640761,125.71549793285294,62.6,14.97,20,72
ilulissat,gl,81.66933119403916,-44.752311158171125,10.4,1.14,20,56
mayumba,ga,-8.059162443766041,5.0438440648278515,79.12,4.88,100,85
te anau,nz,-40.80474967068772,163.08547933344755,48.02,4.65,59,78
nata,bw,-19.660433052423826,26.11905103396785,74.77,7.65,35,77
dalvik,is,68.8177930539106,-18.68049891997248,19.4,5.77,75,86
victoria,sc,1.987116927857997,55.40876644093515,80.6,14.97,40,78
avarua,ck,-55.61794683264496,-167.3473961853672,84.2,17.27,20,70
hofn,is,66.03368214468725,-12.753012211115816,26.6,12.66,0,59
anaconda,us,45.732591191853004,-113.48473239236941,30.2,13.8,40,47
poum,nc,-19.159321673538543,164.1566803131401,79.7,14.45,10,77
cockburn town,bs,26.843428863659682,-73.96132843539212,75.69,7.49,0,69
diamantino,br,-12.501551351474717,-55.261478589675804,83.53,5.21,80,75
sao filipe,cv,10.084995278038406,-26.290857285935118,75.74,4.07,0,67
airai,pw,16.332455555803804,141.41512265825622,61.75,3.56,100,100
yeniseysk,ru,58.42165635542395,91.81570678184374,-23.55,5.68,93,86
foz do iguacu,br,-25.689251420764577,-54.29962969777365,83.52,6.91,40,78
karratha,au,-19.176591112906408,115.49162097177071,84.36,11.01,0,42
chapais,ca,56.15139401876857,-73.22373978180829,21.2,6.91,90,73
hope,us,33.79088824147611,-93.92083143382165,55.4,10.0,19,46
inongo,cd,-1.5073951767585783,18.972563410951494,71.4,6.78,100,92
pangnirtung,ca,66.93416045811858,-60.19915300481571,-4.0,2.55,1,77
lebu,cl,-29.61644544923955,-99.20739278677527,61.23,10.96,100,68
namikupa,tz,-11.748718658813743,40.01700007059921,71.69,3.33,19,97
nuuk,gl,65.56558755296723,-48.40178427751468,19.2,12.66,1,63
dzhebariki-khaya,ru,62.87334360301409,136.925686913959,-52.04,0.81,77,75
kyabe,td,10.076082435602274,18.321588664998416,81.95,4.03,90,16
qaqortoq,gl,61.371522820945785,-47.170226357884786,37.4,35.68,75,32
jasper,ca,52.767779586400906,-118.09315506834926,6.8,11.5,100,61
san jose,gt,9.026501889398105,-91.90582789170072,92.19,2.84,16,42
inirida,co,4.6986733953951045,-68.11896160096343,86.27,5.28,69,66
codrington,ag,24.009137839634434,-44.45560222286585,71.98,4.61,75,94
svetlogorsk,ru,67.88951791037994,92.90335433465856,35.82,8.95,75,75
khokhlovo,ru,59.54114435042092,37.46152994233711,32.0,4.47,90,100
ancud,cl,-40.8344209416515,-104.71009667843762,56.17,13.8,20,59
inhambane,mz,-22.9251747920747,37.04225864895187,82.4,5.75,20,83
verkhoyansk,ru,70.2998620204701,132.79342256447524,-48.77,0.54,75,73
dukat,ru,62.033646513869115,154.65857983570027,-36.98,5.17,100,80
hamilton,bm,28.948416459171185,-67.16708377958628,69.94,17.27,75,83
northam,au,-31.717213935876828,116.56699958870911,63.63,14.97,0,42
saint-augustin,ca,51.060602946137266,-60.9333058532163,20.14,7.49,84,93
bethel,us,45.6246007341727,-165.7909720360039,12.2,11.5,90,85
atambua,id,-6.490372110455056,125.41785536626628,74.77,4.09,100,87
benguela,ao,-12.649853058940266,12.661204062584602,77.02,6.04,98,77
rio grande,br,-36.4034977181848,-46.84831070617955,72.68,9.22,75,88
molochnoye,ru,59.04415679865929,39.49581968129982,29.48,10.33,100,97
taoudenni,ml,23.855242367475157,-8.860417418445621,72.59,12.3,0,22
emba,kz,48.1994729414605,58.88252328253847,15.48,12.73,0,93
sao gabriel da cachoeira,br,1.868463335389123,-66.13230998906245,87.8,4.61,40,66
torbay,ca,46.045691740750215,-43.41348349424936,28.09,11.5,75,86
aksu,cn,40.486650391093406,78.51741044061828,17.69,1.41,0,88
vila,vu,-15.530659927861961,174.0056663751996,36.75,2.35,81,72
aripuana,br,-10.35912982618882,-60.77568155867844,85.84,0.4,67,64
laguna,br,-31.631687972593937,-43.39040407621718,81.23,10.65,100,75
bonavista,ca,50.80800431591595,-51.17963605655737,27.45,2.3,91,86
guerrero negro,mx,16.93749029900144,-125.26514021701593,62.85,6.31,100,38
hithadhoo,mv,-14.477720861251441,70.91506758614702,81.0,14.36,95,79
pathein,mm,17.319920105982817,93.04665912325481,70.2,6.38,0,83
poya,nc,-25.849340655786733,162.35864133679178,76.95,2.01,98,77
hukuntsi,bw,-24.15971944115337,21.463206660185563,79.83,12.01,100,21
port alfred,za,-82.08376729154551,42.51025470004686,64.99,1.99,16,95
conde,br,-15.923721275559117,-31.502280965211412,84.2,11.5,40,65
zhucheng,cn,35.64411162762252,119.22700533948148,33.84,16.08,0,71
bengkulu,id,-4.802752707772612,99.68235113499372,74.44,7.52,100,92
birao,cf,10.07912262275265,23.95167370476645,79.52,6.31,95,16
lompoc,us,31.731383951965242,-123.94971162974612,48.45,17.27,90,87
nyurba,ru,64.3903997252794,116.79563565002644,-45.81,2.53,89,78
neiafu,to,-17.619145793372496,-175.06945878460672,75.2,13.8,90,94
mosquera,co,3.4374601334288712,-79.60983713335503,68.0,5.75,40,40
constitucion,mx,11.94572452497222,-127.0900481504508,62.01,1.99,71,16
jalu,ly,24.283840614292643,21.366145805738142,50.95,10.71,0,56
half moon bay,us,30.543617773804073,-136.17923102130166,52.88,11.5,1,87
pundaguitan,ph,5.254739496708396,127.9787413856917,79.83,13.06,99,80
melo,uy,-32.41328595682969,-54.60142187063269,79.41,5.77,66,62
esso,ru,56.664437510523555,159.3420756038534,2.32,5.82,47,86
kinkala,cg,-4.375302590219306,14.452198676389656,77.0,9.22,100,78
kavaratti,in,11.064713013793906,66.31207586860538,80.56,9.6,26,66
sao joao da barra,br,-27.821004681236403,-31.46234763929968,86.0,25.32,0,45
menongue,ao,-15.935046379065668,18.177879620950563,64.71,2.93,100,91
balakhta,ru,55.08683141310189,91.8231436408762,14.94,11.95,100,95
bereda,so,14.621043095707279,50.12842999218353,56.66,7.0,100,91
lodja,cd,-3.3536160540444655,23.030822509467612,71.51,2.46,100,90
salalah,om,12.753849005483033,60.64000863413622,73.4,1.14,0,68
harindanga,in,21.404758906074363,88.68761201782326,57.2,3.44,0,88
manzhouli,cn,48.50604415681269,117.46430195311905,-20.69,7.49,3,84
arman,ru,56.702692752518004,147.35078485577526,-15.5,9.89,0,79
drovyanaya,ru,51.065448593046966,113.10492672220056,-20.2,4.47,19,69
alakurtti,ru,67.1551600573408,29.259241874607255,11.39,7.09,100,95
gainesville,us,34.26052551224956,-83.81775852812585,71.96,6.91,90,83
ribeira grande,pt,29.124945120549867,-42.55937311811351,60.8,27.63,75,82
leningradskiy,ru,84.36726735952715,176.01563129905924,-17.34,3.53,100,87
axim,gh,-1.5980737230818818,-3.4460376005300475,79.45,9.66,61,84
esperance,au,-44.81999831064984,126.20131309007195,62.6,6.91,75,94
parana,br,-12.90732554594345,-48.33098065211624,75.04,4.27,100,90
san cristobal,ec,-5.3935331653845395,-88.00801793390227,82.4,14.97,75,83
sola,vu,-12.831196784455216,171.82784453374137,82.15,19.66,100,82
havre-saint-pierre,ca,53.53917094013343,-63.14068025269323,24.8,8.05,90,50
komsomolskiy,ru,78.91500776904212,174.31901885938942,45.84,19.22,100,81
dzhankoy,ua,45.9473214919351,34.42396173414238,52.0,13.33,100,60
gondanglegi,id,-10.000277175339278,112.45746447710616,74.86,2.26,100,86
ojinaga,mx,29.916832076163928,-103.70433109645798,53.24,1.86,1,35
mansfield,gb,53.22927839901982,-1.2283997636169772,41.7,3.4,100,96
huarmey,pe,-15.300303883128393,-88.4641936189574,75.72,10.45,100,66
namibe,ao,-13.650895617940108,8.184972302393618,74.97,10.11,54,78
sur,om,17.372114617890702,61.050289918230504,67.32,8.55,0,72
luanda,ao,-10.21639731377968,12.564495550613486,82.4,9.22,20,74
saurimo,ao,-9.860526324131499,20.845269281577032,66.67,2.89,100,91
khani,ru,58.390804415923355,121.82462240293455,60.8,20.71,0,21
caruray,ph,10.866421120952666,118.60145229480344,78.06,5.64,100,81
najran,sa,19.101467290145578,47.25737743373713,59.0,2.28,0,36
ahipara,nz,-34.681020434383086,169.4400254127856,67.5,5.1,64,82
vila franca do campo,pt,38.94945798808581,-22.456034337316794,63.34,19.57,40,94
bandarbeyla,so,8.876005390161893,54.986618561142905,73.8,18.5,10,75
saint-georges,gf,7.420644753020881,-44.447691388546986,84.2,6.91,40,70
ostrovnoy,ru,67.83380125926038,39.50071752088937,11.48,22.3,100,95
rabo de peixe,pt,42.67463104140958,-22.95677568287971,63.36,19.57,40,94
fortuna,us,38.479534935674394,-133.87100399235217,47.12,21.85,90,81
atbasar,kz,52.057647623451885,68.63642178202704,13.89,9.55,80,96
piskavica,ba,44.87519692701784,17.061902372874414,30.2,2.3,0,86
huilong,cn,31.326180447623315,122.07921114914234,45.45,5.01,78,75
san ignacio,ph,7.048560924132531,126.6728635096137,74.8,7.31,87,70
meulaboh,id,-5.340062551828311,87.51132376038453,76.17,5.73,100,86
college,us,68.84958619359796,-149.8022054906382,-13.11,3.44,40,76
jaciara,br,-16.17633112438054,-55.11638961358676,85.64,5.12,100,61
show low,us,34.93376192055166,-109.81922046846363,39.2,14.97,1,30
bitung,id,2.8142385239699195,126.19198400593581,73.4,7.02,20,94
shimoda,jp,21.76825520162234,142.65762631876032,41.0,5.01,67,74
faanui,pf,-12.600190028846782,-156.0938446542514,81.28,15.35,95,72
nushki,pk,30.023851210008587,66.30016224213662,41.79,0.63,0,48
asfi,ma,34.06771981605516,-11.645247007583606,65.23,14.88,0,81
belaya gora,ru,67.0698151484068,147.83034119955096,-23.76,1.41,100,87
abnub,eg,27.332122099947895,29.72821265331598,59.0,8.75,0,47
kattivakkam,in,12.310839663691226,85.98676905617157,73.4,6.85,40,88
nisia floresta,br,-3.315274898630875,-26.088455613012655,86.0,19.57,20,54
kotdwara,in,29.700884341167864,78.6603484384849,51.85,5.01,0,48
tonder,dk,54.97284802161789,8.812344003733841,35.42,3.0,100,94
chanute,us,37.443730485018634,-95.50073873458017,29.5,9.22,90,74
marataizes,br,-21.093837581588744,-40.97655189900544,79.47,17.94,0,76
varadia,ro,45.116444956871504,21.540806034171567,27.82,1.14,0,93
juneau,us,58.32740088273985,-131.6559865231507,12.87,20.71,20,38
port hawkesbury,ca,45.31637271956032,-60.995534128678,31.03,9.22,90,74
gornopravdinsk,ru,62.26659294084138,70.30665120934776,-1.98,6.24,100,92
tamiahua,mx,22.433293039692614,-95.18119405862075,69.98,22.39,100,76
klaksvik,fo,72.27420187610605,-8.045716070616976,30.2,9.22,77,86
kruisfontein,za,-86.1197534981701,29.410138696564502,66.0,3.0,94,83
boende,cd,-0.0821017314340935,21.703595255893987,71.33,1.19,100,94
taylorville,us,39.0799447566296,-89.24273746024154,26.82,13.24,90,93
kashi,cn,38.925842985413254,76.15144012371991,24.8,8.95,0,58
chirongui,yt,-13.823825348480526,45.10019588566226,78.8,2.3,0,89
mount isa,au,-25.927201614161973,140.0220403114762,80.6,3.44,75,69
mar del plata,ar,-47.312459835299876,-53.735357346608936,71.6,12.66,0,49
srandakan,id,-16.838121547531216,106.81087790123615,75.94,7.11,100,89
lagoa,pt,51.818499602559626,-27.14785683083022,60.53,31.97,100,82
hasaki,jp,26.64895426618179,150.77940708104546,36.05,6.91,75,75
saint george,bm,37.91134706513431,-62.68163327293826,69.93,20.71,75,88
meadow lake,ca,55.2289325519769,-108.81341303982796,-4.0,14.97,75,65
zaranj,af,31.501233452603003,62.482362589037706,35.6,2.57,0,30
rudnogorsk,ru,58.17168639462898,103.65498750786537,-21.6,4.34,100,86
mayo,ca,64.95840465874917,-141.6012653322307,-41.8,2.17,1,66
payo,ph,18.409514255372002,129.43772239179305,72.82,1.95,100,96
finnsnes,no,71.15652796110737,17.155866687925908,23.0,12.66,75,58
gracanica,ba,44.625210702153055,18.284430421275175,30.09,2.3,75,100
kalga,ru,50.89641859929762,118.83094351416679,-25.11,5.26,52,80
zeya,ru,54.40708718720856,129.12859770977076,-18.67,4.76,100,84
altay,cn,47.52248312873226,86.93829979466187,1.67,1.74,63,74
brae,gb,66.91182042112078,0.24527595751939657,33.8,10.36,20,86
mokrous,ru,50.998250614628546,47.67103819881319,25.07,15.46,100,98
koszalin,pl,54.4409014612271,16.149561420902245,32.0,7.47,100,96
severo-kurilsk,ru,35.194700068708514,167.2872248163518,26.38,11.25,100,94
kars,tr,40.57150965874672,43.13290304883466,14.0,4.61,75,79
uglekamensk,ru,43.38995547455721,133.14573269199326,4.15,0.83,81,86
chuy,uy,-53.292110885805045,-32.223355584387974,79.45,11.95,4,69
beloha,mg,-26.63636506757537,42.3435093560544,77.32,13.4,7,79
okha,ru,56.124513241115494,142.5094919234977,9.64,15.61,100,95
ulladulla,au,-39.72243580237462,156.26858751008348,63.03,5.75,90,88
bathsheba,bb,13.582243200179605,-54.37805838088454,82.4,18.41,75,65
farim,gw,12.599093247094814,-15.065590965941794,87.8,4.81,0,37
berlevag,no,89.70143996624716,32.423242568137766,22.8,27.63,75,74
khandyga,ru,65.1752135325076,135.42712678584508,-53.63,1.12,77,75
prescott,us,34.51478613171895,-113.33469344708327,33.96,1.99,0,83
kamenka,ru,68.58027277806207,42.78125518365033,33.01,7.0,100,96
yar-sale,ru,68.36984802994826,69.66139138520896,-39.3,4.41,84,79
lavrentiya,ru,70.15915766356304,-170.65935362348296,-2.24,14.2,98,88
malpe,in,13.244010719536632,74.22198195643247,77.0,4.61,0,78
bamiantong,cn,44.83114560660411,130.64525811700196,-5.03,2.66,84,86
kidal,ml,18.09732125884412,0.16581167956860554,70.25,10.04,0,18
kiunga,pg,-5.535162417598514,138.59303421389143,72.39,1.48,99,97
simpang,id,-1.5582638521374008,104.03157004874004,73.92,2.59,100,97
eureka,us,40.890739659870235,-129.44440631938187,46.08,4.0,100,85
maceio,br,-12.310835215020518,-31.868469057815133,78.8,8.05,75,73
taperoa,br,-7.330028132959697,-36.90179942743654,86.31,16.42,100,44
ailigandi,pa,10.212270578119544,-77.87464575386495,81.97,11.14,4,76
mountain home,us,43.34416225092599,-115.75363427453954,40.3,20.71,90,52
san antonio,ph,14.215981768397086,121.48054763644404,77.0,4.61,75,78
perth,au,-31.440678132301066,113.96100900242061,62.1,11.5,0,48
tual,id,-7.281113899099751,134.31643211412592,83.59,18.41,99,78
shakawe,bw,-18.295154510502442,22.958750111889003,69.39,0.45,100,92
wagga wagga,au,-34.84434713049458,147.3969971943123,68.09,19.57,65,60
abu samrah,qa,20.126945295801704,50.329270228949156,51.37,5.82,100,56
bashmakovo,ru,53.092319927912285,42.91427841870345,32.11,17.72,100,98
lahij,ye,13.921648458492001,46.063950506071905,69.13,5.37,1,69
chapleau,ca,47.33169239339989,-83.67237864253092,5.0,6.91,75,66
dawlatabad,af,36.6027126491598,66.82112521715297,37.74,2.86,0,72
nouakchott,mr,19.234572971639395,-15.51823589947503,80.6,9.22,0,6
calabozo,ve,8.754372038540069,-68.03626076555298,93.69,9.73,100,29
sandpoint,us,48.08874312128677,-115.69830201003458,28.56,6.91,90,100
vung tau,vn,7.863563899731389,108.7447506411911,75.2,16.06,100,84
elko,us,38.95714268852359,-116.50850348445513,34.36,17.27,75,51
hillsborough,us,43.12249143759115,-72.01653846373873,52.95,9.22,90,76
peking,cn,40.03953944914838,116.272063022152,27.54,15.59,0,28
djibo,bf,13.876276482068903,-1.0605464891595489,74.34,8.77,0,14
atikokan,ca,48.91864919229715,-92.38032065799744,-1.16,3.96,94,88
comodoro rivadavia,ar,-49.42507321435805,-61.99771505741232,66.2,10.36,40,45
inyonga,tz,-6.496838905469119,31.62508871553962,65.28,1.34,70,92
goose creek,us,33.528135006318124,-79.88184363789227,35.53,4.61,90,65
petrovskoye,ru,56.74996450236162,39.28203288052532,23.0,7.18,95,98
zhigansk,ru,68.04194794629197,125.85497794021057,-47.81,7.02,56,76
pakxan,la,18.55410735424448,103.50012061826703,64.81,3.87,0,74
marsh harbour,bs,28.007666291654317,-73.99033734630396,77.43,13.27,1,75
santiago,pe,-14.439575950097321,-75.77191905041096,93.31,12.03,9,28
raikot,in,30.624063851956265,75.54982798445278,44.22,2.57,0,59
souillac,mu,-50.39174785893019,74.77490666777862,75.2,4.61,20,83
murdochville,ca,49.624900340118046,-65.13907412607416,24.8,9.22,99,74
pechenga,ru,69.9057129744252,32.16841848063356,21.2,12.66,75,79
miraflores,co,1.579776953467615,-71.3104345977899,84.4,3.78,98,63
deer lake,ca,49.98145317312088,-57.37323247900217,30.11,13.8,90,74
strezhevoy,ru,60.16204908887403,77.70288307997004,-27.4,2.24,0,75
kijang,id,1.5245830469892638,105.37862147354451,77.0,2.3,20,88
dunedin,nz,-50.11885533843468,173.26976534568865,54.0,27.0,0,64
chabahar,ir,24.919970257617308,60.46172194532494,65.89,5.3,0,71
concepcion del uruguay,ar,-32.258635769812415,-58.44261928536804,93.83,3.0,44,40
tvoroyri,fo,61.65205831346324,-6.211706448365845,30.2,6.91,28,80
hendaye,fr,43.74106789340189,-1.927356689081705,58.3,4.61,90,88
itarema,br,9.312770782548142,-38.54244804576953,83.12,15.66,46,68
dobroye,ua,44.8773070717622,34.229128310806374,44.82,8.1,100,77
zyryanka,ru,65.25186085300567,151.62495662386618,-30.89,3.74,100,84
boa vista,br,1.4943912334361613,-62.021026599268026,87.8,6.91,75,51
kabompo,zm,-13.843150066700986,24.271627155926495,62.71,1.88,97,96
nemuro,jp,34.70680503445426,151.26775446142176,22.89,15.43,0,89
la palma,pa,5.375147518149134,-81.06156132235124,83.98,5.61,100,78
ahvaz,ir,31.1613196349374,48.958463658821216,53.6,2.3,100,62
odweyne,so,7.7501228593548035,45.69386080808596,67.26,6.38,0,41
udachnyy,ru,68.650437037322,113.56951303862388,-40.68,0.58,3,79
kosa,ru,59.6296072248293,55.174008254851856,28.69,11.23,100,97
wageningen,sr,4.814008104612441,-56.36134733157115,81.39,8.72,12,68
kavieng,pg,15.54411690655121,151.8658594147077,83.34,9.53,99,72
nelson bay,au,-36.58953823909205,160.04538064042828,70.29,19.57,90,100
halmstad,se,57.016019134743004,13.13959107240845,33.21,3.98,90,100
aviles,es,46.055505545176175,-6.317794365799045,57.33,2.3,20,94
corinth,us,34.791736207318706,-88.47730229077479,46.0,3.0,48,24
otradnoye,ru,44.15122213253426,146.03797531710768,31.82,4.47,75,93
runkel,de,50.480792282752475,8.136277027863287,32.0,5.57,100,97
doha,kw,27.872296311868396,47.40363770660119,63.43,1.14,0,63
vao,nc,-27.719216208120102,165.3244610736371,77.94,19.75,100,84
mildura,au,-33.81426360944121,142.15280976339125,70.38,5.75,90,43
abu zabad,sd,12.492149613763203,28.212673058886622,74.48,10.58,7,20
caravelas,br,-19.857636665161948,-33.824890267526115,80.42,6.93,100,68
matadi,cd,-6.674573612618346,14.110567381741333,76.82,2.93,100,86
elliot lake,ca,46.48990326016886,-82.84610319311031,17.6,9.22,1,62
izazi,tz,-6.807828807609852,35.545408323549054,72.61,2.57,95,76
kedrovyy,ru,59.26571611959278,78.99960352595332,5.0,11.18,40,78
dauphin,ca,52.93228766402791,-98.70672368601583,-11.2,3.44,1,64
auki,sb,-6.209694076322364,162.6261127725728,80.69,13.67,95,85
muros,es,42.48374013090779,-16.822294014917787,57.7,11.99,100,88
nhulunbuy,au,-9.577172959236961,137.50503601001122,78.8,5.75,100,89
havoysund,no,74.19401910097426,24.49714473812932,23.04,21.85,75,68
ust-nera,ru,64.71127721854603,141.10982997241774,-25.19,2.39,100,76
solano,co,0.45945830580994595,-74.78618417494654,87.64,1.79,75,54
methoni,gr,36.009859317371024,21.51256880450933,42.66,1.14,75,75
barra patuca,hn,17.461321954505294,-84.04096177021819,83.1,12.62,0,60
yangjiang,cn,20.206668979821217,113.02909102022238,61.2,1.83,47,84
bambous virieux,mu,-28.539812041324275,73.33176686322668,76.53,4.61,20,83
iqaluit,ca,58.301769570740646,-69.18946167363164,-0.2,13.8,1,71
samana,do,19.663627072257725,-69.39568315025367,82.4,11.5,20,69
conversion,ph,15.97295693678123,121.25847168149062,69.6,4.07,45,87
port macquarie,au,-35.605741557655485,160.03756559795414,71.35,1.14,90,100
gua musang,my,4.78804169805224,101.97957700159446,70.84,1.63,100,93
khuzdar,pk,27.494147042873223,66.70224849854984,45.46,4.32,0,39
brezoi,ro,45.323048287537176,24.1553357528702,30.11,9.22,90,64
egvekinot,ru,57.480152749554804,-179.62102048728462,-14.55,21.83,100,87
vanimo,pg,2.1601448042270732,142.97387412780807,76.86,6.76,100,85
maamba,zm,-17.3591445791525,27.25428043551267,70.3,4.56,100,91
acapulco,mx,9.906291018469844,-102.94071381541697,84.36,9.4,57,55
arlit,ne,21.208187836767095,8.094868435030008,68.22,6.87,0,20
lafia,ng,8.924609476964307,9.105707153048286,82.17,1.3,4,15
uk,ru,54.45132413723718,98.23534807083496,11.21,3.2,100,95
porto santo,pt,32.3820071857693,-14.055640354410485,60.8,11.5,75,100
nabire,id,-6.061666083485093,136.03402865023645,76.44,3.36,100,92
tunceli,tr,38.76078232606679,39.63509647312807,38.62,5.75,75,75
biala podlaska,pl,52.26616565376591,23.100341348176784,27.43,7.63,100,97
itaiba,br,-9.043430574569555,-37.31145504765567,84.51,13.82,70,48
jinxiang,cn,27.196262828456724,121.2887282278424,49.75,6.17,100,85
dickinson,us,46.226689790345574,-103.63850659885968,15.8,17.27,90,79
nador,ma,31.48581630316167,-2.033510711560183,60.96,3.44,0,82
okhotsk,ru,60.65474476183451,145.3264453328743,-13.77,10.63,53,79
grindavik,is,63.233257545877905,-22.420506109187073,32.0,23.02,0,55
rawson,ar,-47.59942748903673,-57.9465510008049,67.93,7.92,100,38
stornoway,gb,58.79155611681816,-8.64272981255965,37.24,12.66,100,70
haguenau,fr,49.019121482968984,7.880604474524063,37.53,9.22,90,93
urumqi,cn,41.133307298853424,89.8631103017849,3.2,4.47,75,85
isangel,vu,-21.339735527237266,177.83147180662593,80.6,17.4,100,81
ixtapa,mx,12.830752123284299,-104.03205279037283,85.21,6.91,17,34
iralaya,hn,15.08040815875377,-81.6790389113376,81.45,12.21,35,69
melbu,no,68.69631274178286,14.51812888930445,28.4,9.22,0,59
saint-joseph,re,-27.740699838693573,55.22545902888015,77.86,4.61,0,69
trairi,br,3.619977755262383,-35.8936002595693,82.11,12.86,95,70
bombay,in,19.139775128793374,72.53711584946933,69.8,8.63,0,78
ughelli,ng,5.773060448369563,6.426001247926706,81.75,7.02,100,71
ohara,jp,33.72970365910302,142.48437035397228,41.41,6.91,75,75
jumla,np,34.102846470509974,84.30304235018264,33.19,5.17,0,42
santa lucia,pe,-16.37103146920964,-70.68432888802366,64.4,3.44,40,34
fort nelson,ca,58.7952774286079,-125.49736197409288,-7.6,9.22,20,64
westport,ie,56.209905467647104,-16.23279343503674,49.95,6.55,100,3
seoul,kr,36.69660216449431,126.90862155251983,28.38,2.3,0,80
rundu,na,-16.255468805310272,19.52119893507873,70.32,5.59,100,83
upernavik,gl,76.40898916657508,-49.88276164924673,-1.73,2.91,100,91
lugazi,ug,-0.29093135648246005,33.085448092458336,75.2,11.5,20,78
kyren,ru,51.91431760992077,100.95216460392811,-6.59,2.86,75,78
macau,br,-4.926752825648933,-36.84259953783189,85.64,19.77,40,64
imbituba,br,-30.69228566680816,-43.707376589050455,82.4,19.57,40,83
khandbari,np,30.30652766578443,87.46720096822162,49.3,2.64,0,49
kristiansund,no,65.38813588007221,6.892249254474137,30.2,4.61,75,93
camacupa,ao,-11.626980738385924,18.15325643162305,64.54,7.7,100,90
phuket,th,6.641685370034708,98.47826472853075,80.04,11.9,20,100
chiredzi,zw,-20.983975084969018,32.292966411877075,75.13,5.5,100,90
broome,au,-22.005804072393616,125.57803023558307,84.2,9.22,96,74
los palacios,cu,22.505154560991954,-83.09366997022161,83.97,4.18,1,54
khabarovsk,ru,48.49402941610029,135.1151114593568,-7.6,11.18,0,54
naze,jp,27.888518434208322,132.52912403714197,56.68,11.77,46,74
nuevo casas grandes,mx,30.719580919191785,-108.11315476669594,48.0,8.99,59,40
krasnoselkup,ru,65.51157607372491,81.33178000249006,-38.65,4.52,23,82
bac lieu,vn,6.311151056007745,108.76108490579554,75.76,14.81,64,85
hwange,zw,-18.69625803847663,27.899813601417065,69.31,3.74,100,94
mount pleasant,us,31.77149249631138,-78.57478604317092,51.48,16.11,1,47
eyl,so,4.565557807370368,54.163851195430084,72.48,18.03,24,76
quang ngai,vn,15.448014302328787,109.6245427617767,68.09,3.0,63,89
shingu,jp,30.078391688535646,138.46485164305977,49.95,6.22,67,65
campbell river,ca,51.93273685866748,-124.86917564852367,34.32,2.3,90,100
alice springs,au,-20.724836821222652,133.2065876907199,74.53,6.91,26,73
wilmington,us,30.63974144048629,-75.69988465657016,37.42,16.11,90,52
makakilo city,us,7.248432506860468,-166.66013409749232,78.19,9.22,1,57
mumford,gh,0.6155460356673359,1.1416461238174236,80.11,10.69,95,82
usinsk,ru,67.93448802252186,56.81478426815619,-2.02,16.42,100,93
ada,us,34.70425886209841,-96.48814658282174,37.4,9.22,75,65
panama city,us,26.968696011740917,-86.08937431011522,73.83,11.86,89,49
tiarei,pf,-13.878725098335167,-145.20964970591652,82.2,1.14,75,69
bunbury,au,-33.61193211027983,115.80438560435903,48.99,1.99,0,83
batticaloa,lk,8.175028242007016,82.21118099063523,76.69,8.37,90,75
magistralnyy,ru,55.63988355319765,106.78192897472735,-31.2,3.94,100,82
amahai,id,-3.98155410562876,129.57685795948674,82.99,1.01,100,82
vanavara,ru,60.705672828307684,101.70662759600901,-19.37,11.61,100,84
alberton,za,-26.27024587032448,28.152401079795283,67.28,3.0,99,79
portland,au,-45.42794213003559,139.39714872300436,62.04,13.85,93,78
kazerun,ir,29.638804442026412,51.74565863119358,51.78,0.51,33,45
barddhaman,in,23.169523386097808,87.90341390169095,55.74,5.26,0,39
asuncion,py,-25.1913337380676,-58.77083014205486,87.8,5.75,75,66
lorengau,pg,7.475723785212651,149.2872789791851,82.0,8.12,100,80
severnyy,ru,70.76743512766399,65.72573052416112,35.6,8.95,100,93
jining,cn,42.08065040339574,113.7275280339137,34.36,16.84,0,60
santarem,br,-2.781784385446386,-54.687005293956304,84.2,3.44,40,74
marondera,zw,-18.400851206824683,31.681189825363873,60.75,3.22,99,98
banda aceh,id,3.786295786569525,93.30435098237183,77.5,3.8,44,82
kasiri,sl,8.95336761135539,-13.45441026130851,78.51,8.57,0,77
la asuncion,ve,12.113282396391895,-64.79895483779795,78.94,17.49,100,75
tuy hoa,vn,12.810753773378366,109.18078365208731,70.32,8.05,92,87
bugry,ru,60.13997885249702,30.344110860793336,31.95,4.47,90,93
saint-pierre,pm,38.74710341755127,-54.864202479715985,33.4,9.22,75,64
kologriv,ru,58.81302959192976,44.07885856660252,27.05,6.87,100,97
umm lajj,sa,25.78293597575957,36.92924309443427,72.5,6.17,0,77
verkhnyaya maksakovka,ru,61.41817093463462,51.03902827270653,28.4,13.42,90,93
port augusta,au,-32.63799994890482,138.0696123613846,66.99,4.61,100,88
litovko,ru,49.691361811123926,134.3921117989094,-9.08,4.94,0,86
utete,tz,-7.876731142702525,38.433204374356706,73.9,3.4,0,93
yulara,au,-28.80853389073814,131.71151650941965,75.2,9.22,97,73
north bend,us,42.031362615890146,-136.71481058395145,41.49,10.2,90,87
kailua,us,22.27561150945536,-156.87423706830447,76.77,11.5,90,65
cody,us,43.76745678094116,-108.89541994484155,36.84,13.8,1,23
rajura,in,19.72222059123301,79.20270291315006,74.68,2.53,61,46
turkistan,kz,43.325338386244255,67.85558072323394,23.32,9.89,0,90
phan thiet,vn,8.679877683422205,109.84578579806885,70.97,8.01,100,88
teahupoo,pf,-20.30253560838713,-148.2569153967388,82.2,4.61,75,74
sarangani,ph,3.5761759443439587,126.398929124343,81.36,12.86,31,77
kununurra,au,-14.430543369802322,125.75700491370003,77.0,6.91,90,100
tabas,ir,32.706951561097966,56.44318926638459,39.2,2.3,0,28
bambanglipuro,id,-13.601712742709523,109.52467808557572,74.61,7.29,97,90
harper,lr,0.7473911496022794,-10.83884441573133,78.85,6.35,3,83
paamiut,gl,65.89045823058305,-47.56034191831006,26.74,6.22,100,85
thunder bay,ca,47.887301472926794,-89.44015650190168,3.43,11.5,20,60
solnechnyy,ru,61.712336365952154,139.22112971353135,-11.13,2.28,100,85
camiri,bo,-20.582482621929188,-64.01979805908027,86.0,5.93,40,54
